,name,peaks,edges,momentum,T,Tr
0,Cs137,661.666,480.0,700.3991661902518,479.99999999999994,0.0
1,Co60,1173.3245,960.0,990.5139999010614,960.0,0.0
2,-,1332.5978,1118.0,1068.9217240752478,1118.0000000000002,0.0
3,Na22,551.03069,345.0,593.7922831260103,344.99999999999994,0.0
4,-,1274.69751831,1062.0,1041.8069733880648,1062.0,0.0
5,Y88,897.96597451,700.5,846.1143710811205,700.5,0.0
6, -,1460.7852461,1245.5,1128.2279842522964,1245.5,0.0
